R.Wilson,SEA,QB
J.Kearse,SEA,WR
A.Rodgers,GB,QB
M.Ryan,ATL,QB
D.Brees,NO,QB
J.Flacco,BAL,QB
A.Dalton,CIN,QB
M.Sanu,CIN,WR
J.Cutler,CHI,QB
E.Manuel,BUF,QB
F.Jackson,BUF,RB
R.Fitzpatrick,HOU,QB
A.Foster,HOU,RB
S.Lechler,HOU,P
R.Griffin,WAS,QB
P.Garcon,WAS,
A.Smith,KC,QB
D.Colquitt,KC,P
J.Locker,TEN,
R.Tannehill,MIA,QB
M.Wallace,MIA,WR
T.Brady,NE,QB
G.Smith,NYJ,QB
M.Vick,NYJ,
J.Kerley,NYJ,WR
R.Quigley,NYJ,P
D.Carr,OAK,QB
D.McFadden,OAK,RB
N.Foles,PHI,QB
C.Henne,JAC,QB
D.Robinson,JAC,RB
B.Anger,JAC,P
R.Golden,PIT,SAF
B.Roethlisberger,PIT,QB
A.Brown,PIT,WR
B.Wing,PIT,P
B.Hoyer,CLE,QB
S.Hill,STL,QB
A.Davis,STL,QB
J.Hekker,STL,P
M.Cassel,MIN,QB
T.Romo,DAL,QB
C.Kaepernick,SF,QB
A.Boldin,SF,WR
A.Lee,SF,P
J.McCown,TB,QB
B.Rainey,TB,RB
D.Anderson,CAR,QB
P.Manning,DEN,QB
A.Luck,IND,QB
P.McAfee,IND,P
M.Stafford,DET,QB
S.Martin,DET,P
E.Manning,NYG,QB
C.Palmer,ARI,QB
T.Ginn,ARI,WR
P.Rivers,SD,QB
E.Weddle,SD,FS
C.Newton,CAR,QB
J.Manziel,CLE,QB
D.Stanton,ARI,QB
K.Cousins,WAS,QB
R.Mallett,HOU,QB
T.Yates,ATL,
M.Glennon,TB,QB
J.Campbell,CIN,
B.Bortles,JAC,QB
C.Shorts,JAC,WR
M.Hasselbeck,IND,
T.Bridgewater,MIN,QB
J.Clausen,CHI,QB
C.Whitehurst,TEN,QB
Z.Mettenberger,TEN,QB
C.Ponder,MIN,QB
M.McGloin,OAK,QB
M.Moore,MIA,QB
J.Garoppolo,NE,QB
M.Flynn,GB,
K.Orton,BUF,
O.Beckham,NYG,WR
L.Thomas,ARI,QB
R.Nassib,NYG,QB
C.McCoy,WAS,QB
B.Osweiler,DEN,QB
B.Gabbert,SF,QB
M.Schaub,OAK,QB
B.Weeden,DAL,QB
M.Grice,ARI,RB
M.Sanchez,PHI,QB
M.Simms,NYJ,QB
K.Clemens,SD,QB
M.Barkley,PHI,QB
J.Gordon,CLE,WR
T.Savage,HOU,QB
R.Lindley,ARI,
C.Daniel,KC,QB
C.Keenum,HOU,QB
T.Jackson,SEA,
C.Shaw,CLE,QB
J.Palmer,TEN,
R.Wilson,SEA,QB
M.Lynch,SEA,RB
R.Turbin,SEA,RB
P.Harvin,SEA,WR
D.Baldwin,SEA,WR
J.Kearse,SEA,WR
R.Lockette,SEA,WR
J.Ryan,SEA,P
A.Rodgers,GB,QB
D.Harris,GB,RB
E.Lacy,GB,RB
J.Kuhn,GB,FB
J.Starks,GB,RB
R.Cobb,GB,WR
M.Ryan,ATL,QB
D.Freeman,ATL,RB
A.Smith,ATL,RB
J.Rodgers,ATL,RB
S.Jackson,ATL,
JulioJones,ATL,WR
D.Hester,ATL,WR
D.Brees,NO,QB
B.Cooks,NO,WR
K.Robinson,NO,RB
M.Ingram,NO,RB
P.Thomas,NO,
T.Cadet,NO,RB
J.Flacco,BAL,QB
B.Pierce,BAL,RB
J.Forsett,BAL,RB
J.Jones,BAL,WR
A.Dalton,CIN,QB
M.Sanu,CIN,WR
G.Bernard,CIN,RB
A.Green,CIN,WR
J.Hill,CIN,RB
B.Tate,CIN,WR
J.Cutler,CHI,QB
M.Forte,CHI,RB
K.Carey,CHI,RB
A.Jeffery,CHI,WR
J.Morgan,CHI,WR
P.O'Donnell,CHI,P
D.McCray,CHI,DB
E.Manuel,BUF,QB
C.Spiller,BUF,RB
F.Jackson,BUF,RB
A.Dixon,BUF,RB
F.Summers,BUF,
S.Watkins,BUF,WR
R.Fitzpatrick,HOU,QB
A.Blue,HOU,RB
A.Foster,HOU,RB
J.Grimes,HOU,RB
D.Johnson,HOU,WR
R.Griffin,WAS,QB
R.Helu,WAS,RB
D.Young,WAS,FB
A.Morris,WAS,RB
D.Jackson,WAS,WR
A.Roberts,WAS,WR
T.Way,WAS,P
A.Smith,KC,QB
C.Gray,KC,RB
K.Davis,KC,RB
A.Sherman,KC,FB
J.Charles,KC,RB
J.Locker,TEN,
B.Sankey,TEN,RB
S.Greene,TEN,RB
D.McCluster,TEN,RB
L.Washington,TEN,
K.Wright,TEN,WR
R.Tannehill,MIA,QB
K.Moreno,MIA,
L.Miller,MIA,RB
M.Wallace,MIA,WR
J.Landry,MIA,WR
D.Williams,MIA,RB
T.Brady,NE,QB
S.Vereen,NE,RB
S.Ridley,NE,RB
B.Bolden,NE,RB
J.Edelman,NE,WR
K.Thompkins,NE,WR
T.Wright,NE,TE
G.Smith,NYJ,QB
M.Vick,NYJ,
B.Powell,NYJ,RB
C.Johnson,NYJ,
C.Ivory,NYJ,RB
J.Kerley,NYJ,WR
G.Salas,NYJ,WR
D.Carr,OAK,QB
D.McFadden,OAK,RB
M.Reece,OAK,FB
M.Jones-Drew,OAK,
D.Moore,OAK,WR
L.Murray,OAK,RB
N.Foles,PHI,QB
D.Sproles,PHI,RB
L.McCoy,PHI,RB
C.Henne,JAC,QB
D.Robinson,JAC,RB
T.Gerhart,JAC,RB
J.Todman,JAC,RB
M.Lee,JAC,WR
B.Roethlisberger,PIT,QB
D.Archer,PIT,RB
L.Blount,PIT,RB
L.Bell,PIT,RB
M.Wheaton,PIT,WR
A.Brown,PIT,WR
B.Wing,PIT,P
B.Hoyer,CLE,QB
T.West,CLE,RB
T.Benjamin,CLE,WR
R.Agnew,CLE,RB
B.Tate,CLE,
I.Crowell,CLE,RB
A.Hawkins,CLE,WR
T.Gabriel,CLE,WR
S.Hill,STL,QB
A.Davis,STL,QB
C.Givens,STL,WR
T.Austin,STL,WR
B.Cunningham,STL,RB
Z.Stacy,STL,RB
J.Cook,STL,TE
M.Cassel,MIN,QB
A.Peterson,MIN,RB
M.Asiata,MIN,RB
C.Patterson,MIN,WR
J.McKinnon,MIN,RB
J.Wright,MIN,WR
T.Romo,DAL,QB
D.Harris,DAL,WR
D.Murray,DAL,RB
L.Dunbar,DAL,RB
C.Kaepernick,SF,QB
L.James,SF,RB
F.Gore,SF,RB
C.Hyde,SF,RB
A.Boldin,SF,WR
V.Davis,SF,TE
M.Crabtree,SF,WR
B.Ellington,SF,WR
J.McCown,TB,QB
J.Lane,TB,FB
D.Martin,TB,RB
B.Rainey,TB,RB
C.Owusu,TB,WR
S.Patton,TB,WR
D.Anderson,CAR,QB
J.Stewart,CAR,RB
M.Tolbert,CAR,FB
D.Williams,CAR,RB
J.Avant,CAR,WR
Philly,CAR,WR
P.Manning,DEN,QB
E.Sanders,DEN,WR
M.Ball,DEN,RB
C.Anderson,DEN,RB
V.Green,DEN,TE
A.Luck,IND,QB
A.Bradshaw,IND,
T.Richardson,IND,RB
T.Hilton,IND,WR
D.Moncrief,IND,WR
M.Stafford,DET,QB
G.Tate,DET,WR
T.Riddick,DET,RB
R.Bush,DET,RB
J.Bell,DET,RB
J.Ross,DET,WR
E.Manning,NYG,QB
J.Jernigan,NYG,
R.Jennings,NYG,RB
A.Williams,NYG,RB
S.Weatherford,NYG,P
C.Palmer,ARI,QB
J.Dwyer,ARI,
A.Ellington,ARI,RB
S.Taylor,ARI,RB
M.Floyd,ARI,WR
R.Hughes,ARI,RB
Jo. Brown,ARI,WR
R.Housler,ARI,TE
T.Ginn,ARI,WR
P.Rivers,SD,QB
D.Brown,SD,RB
D.Woodhead,SD,RB
R.Mathews,SD,RB
E.Royal,SD,WR
M.Goodwin,BUF,WR
R.Matthews,MIA,WR
O.Darkwa,MIA,RB
C.Newton,CAR,QB
J.Collins,DET,
D.Sanzenbacher,CIN,
J.Manziel,CLE,QB
A.Johnson,NO,FB
K.Stills,NO,WR
J.Develin,NE,FB
D.Stanton,ARI,QB
J.Battle,TEN,
J.Randle,DAL,RB
K.Cousins,WAS,QB
S.Redd,WAS,RB
B.Walters,SEA,WR
M.James,TB,RB
R.Herron,TB,WR
K.Britt,STL,WR
A.Jenkins,KC,
T.Bohanon,NYJ,FB
R.Mallett,HOU,QB
R.Brown,HOU,
B.Miller,SF,FB
D.Carrier,SF,TE
D.Herron,IND,RB
M.Glennon,TB,QB
B.Oliver,SD,RB
J.Campbell,CIN,
R.Hewitt,CIN,TE
C.Peerman,CIN,RB
L.Taliaferro,BAL,RB
B.Bortles,JAC,QB
M.Hasselbeck,IND,
B.LaFell,NE,WR
J.Olawale,OAK,RB
T.Bridgewater,MIN,QB
C.Polk,PHI,RB
T.Watts,STL,RB
J.Parmele,ARI,
DanielThomas,MIA,
J.McKnight,KC,
R.Hillman,DEN,RB
B.Gradkowski,PIT,QB
P.Hillis,NYG,
H.Hynoski,NYG,FB
D.Reaves,CAR,RB
T.Poole,CAR,
J.Clausen,CHI,QB
C.Whitehurst,TEN,QB
Z.Mettenberger,TEN,QB
C.Ponder,MIN,QB
M.McGloin,OAK,QB
M.Moore,MIA,QB
Wi.Johnson,PIT,FB
J.Garoppolo,NE,QB
J.White,NE,RB
M.Flynn,GB,
J.Banyard,MIN,RB
Charles.Johnson,MIN,WR
C.Ogbonnaya,CAR,
C.Williams,CHI,
G.Winn,DET,RB
K.Orton,BUF,
S.Johnson,JAC,RB
O.Beckham,NYG,WR
J.Huff,PHI,WR
S.Bailey,STL,WR
J.Thompson,DEN,RB
S.Draughn,SD,RB
C.Dahl,SF,FS
D.Thomas,KC,RB
J.Wright,CIN,WR
F.Whittaker,CAR,RB
J.Felton,MIN,RB
T.Taylor,BAL,QB
T.Burton,PHI,TE
R.Nassib,NYG,QB
M.Cox,NYG,
T.Mason,STL,RB
J.Gray,NE,RB
C.Michael,SEA,RB
C.McCoy,WAS,QB
B.Osweiler,DEN,QB
B.Gabbert,SF,QB
M.Bryant,PIT,WR
B.Brown,BUF,RB
E.Lorig,NO,FB
B.Weeden,DAL,QB
E.Baker,NO,RB
R.Burkhead,CIN,RB
M.Grice,ARI,RB
M.Sanchez,PHI,QB
M.Simms,NYJ,QB
C.Sims,TB,RB
M.Barkley,PHI,QB
A.Sendejo,MIN,SS
W.Tukuafu,SEA,FB
J.Morgan,NO,WR
J.Conner,NYJ,RB
N.Toon,NO,WR
T.Savage,HOU,QB
D.Presley,CAR,WR
D.Bruton,DEN,SS
J.Harris,PIT,RB
K.Williams,ARI,RB
J.Stewart,DEN,RB
C.Daniel,KC,QB
C.Thompson,WAS,RB
Alf.Smith,SF,
Q.Patton,SF,WR
C.Keenum,HOU,QB
F.Toussaint,BAL,RB
Z.Tipton,IND,RB
C.Shaw,CLE,QB
J.Palmer,TEN,
R.Wilson,SEA,QB
M.Lynch,SEA,RB
R.Turbin,SEA,RB
P.Harvin,SEA,WR
Z.Miller,SEA,
D.Baldwin,SEA,WR
D.Coleman,SEA,FB
L.Willson,SEA,TE
J.Kearse,SEA,WR
R.Lockette,SEA,WR
D.Harris,GB,RB
E.Lacy,GB,RB
J.Kuhn,GB,FB
J.Starks,GB,RB
A.Quarless,GB,TE
R.Cobb,GB,WR
J.Nelson,GB,WR
D.Freeman,ATL,RB
A.Smith,ATL,RB
J.Rodgers,ATL,RB
S.Jackson,ATL,
H.Douglas,ATL,WR
R.White,ATL,WR
JulioJones,ATL,WR
D.Hester,ATL,WR
L.Toilolo,ATL,TE
D.Brees,NO,QB
B.Cooks,NO,WR
K.Robinson,NO,RB
M.Ingram,NO,RB
P.Thomas,NO,
T.Cadet,NO,RB
B.Watson,NO,TE
M.Colston,NO,WR
J.Graham,NO,TE
B.Pierce,BAL,RB
J.Forsett,BAL,RB
J.Jones,BAL,WR
S.Smith,BAL,WR
D.Pitta,BAL,TE
O.Daniels,BAL,TE
T.Smith,BAL,WR
K.Aiken,BAL,WR
A.Dalton,CIN,QB
M.Sanu,CIN,WR
G.Bernard,CIN,RB
A.Green,CIN,WR
J.Hill,CIN,RB
B.Tate,CIN,WR
J.Gresham,CIN,
T.Eifert,CIN,TE
M.Forte,CHI,RB
K.Carey,CHI,RB
M.Bennett,CHI,TE
S.Holmes,CHI,
A.Jeffery,CHI,WR
J.Morgan,CHI,WR
D.Rosario,CHI,TE
M.Spurlock,CHI,
B.Marshall,CHI,WR
S.Perry,CHI,RB
C.Spiller,BUF,RB
F.Jackson,BUF,RB
A.Dixon,BUF,RB
Mi.Williams,BUF,
F.Summers,BUF,
R.Woods,BUF,WR
S.Watkins,BUF,WR
A.Blue,HOU,RB
A.Foster,HOU,RB
J.Grimes,HOU,RB
D.Hopkins,HOU,WR
D.Johnson,HOU,WR
A.Johnson,HOU,WR
R.Griffin,HOU,TE
J.Watt,HOU,DE
R.Helu,WAS,RB
D.Young,WAS,FB
A.Morris,WAS,RB
D.Jackson,WAS,WR
N.Paul,WAS,TE
P.Garcon,WAS,
J.Reed,WAS,TE
L.Paulsen,WAS,TE
A.Roberts,WAS,WR
K.Davis,KC,RB
A.Sherman,KC,FB
J.Charles,KC,RB
F.Hammond,KC,WR
D.Avery,KC,
A.Fasano,KC,TE
T.Kelce,KC,TE
B.Sankey,TEN,RB
S.Greene,TEN,RB
D.McCluster,TEN,RB
L.Washington,TEN,
J.Hunter,TEN,WR
D.Walker,TEN,TE
T.Thompson,TEN,TE
N.Washington,TEN,WR
D.Hagan,TEN,
K.Wright,TEN,WR
K.Klug,TEN,DE
R.Tannehill,MIA,QB
K.Moreno,MIA,
L.Miller,MIA,RB
D.Sims,MIA,TE
C.Clay,MIA,RB
G.Hoskins,MIA,
M.Wallace,MIA,WR
B.Hartline,MIA,WR
B.Gibson,MIA,WR
J.Landry,MIA,WR
D.Williams,MIA,RB
S.Vereen,NE,RB
S.Ridley,NE,RB
B.Bolden,NE,RB
J.Edelman,NE,WR
K.Thompkins,NE,WR
D.Amendola,NE,WR
R.Gronkowski,NE,TE
T.Wright,NE,TE
B.Powell,NYJ,RB
C.Johnson,NYJ,
C.Ivory,NYJ,RB
J.Kerley,NYJ,WR
D.Nelson,NYJ,
J.Cumberland,NYJ,TE
G.Salas,NYJ,WR
J.Amaro,NYJ,TE
E.Decker,NYJ,WR
J.Saunders,NYJ,WR
D.McFadden,OAK,RB
M.Reece,OAK,FB
M.Jones-Drew,OAK,
M.Rivera,OAK,TE
D.Moore,OAK,WR
B.Leonhardt,OAK,TE
R.Streater,OAK,WR
G.Jackson,OAK,G
J.Jones,OAK,
L.Murray,OAK,RB
D.Sproles,PHI,RB
L.McCoy,PHI,RB
B.Celek,PHI,TE
J.Matthews,PHI,WR
J.Maclin,PHI,WR
Z.Ertz,PHI,TE
R.Cooper,PHI,WR
J.Maehl,PHI,WR
D.Robinson,JAC,RB
T.Gerhart,JAC,RB
J.Todman,JAC,RB
A.Hurns,JAC,WR
M.Brown,JAC,WR
M.Lewis,JAC,TE
A.Robinson,JAC,WR
M.Lee,JAC,WR
D.Archer,PIT,RB
L.Blount,PIT,RB
L.Bell,PIT,RB
M.Wheaton,PIT,WR
H.Miller,PIT,TE
J.Brown,PIT,WR
A.Blake,PIT,DB
A.Brown,PIT,WR
T.West,CLE,RB
T.Benjamin,CLE,WR
R.Agnew,CLE,RB
B.Tate,CLE,
I.Crowell,CLE,RB
J.Dray,CLE,TE
J.Cameron,CLE,TE
M.Austin,CLE,WR
G.Barnidge,CLE,TE
A.Hawkins,CLE,WR
T.Gabriel,CLE,WR
S.Hill,STL,QB
C.Givens,STL,WR
T.Austin,STL,WR
B.Cunningham,STL,RB
Z.Stacy,STL,RB
B.Quick,STL,WR
L.Kendricks,STL,TE
C.Harkey,STL,TE
J.Cook,STL,TE
A.Peterson,MIN,RB
M.Asiata,MIN,RB
C.Patterson,MIN,WR
J.McKinnon,MIN,RB
R.Ellison,MIN,TE
K.Rudolph,MIN,TE
J.Wright,MIN,WR
G.Jennings,MIN,WR
D.Harris,DAL,WR
D.Murray,DAL,RB
D.Street,DAL,WR
C.Beasley,DAL,WR
L.Dunbar,DAL,RB
T.Williams,DAL,WR
D.Bryant,DAL,WR
J.Witten,DAL,TE
F.Gore,SF,RB
C.Hyde,SF,RB
A.Boldin,SF,WR
V.Davis,SF,TE
S.Johnson,SF,WR
M.Crabtree,SF,WR
B.Ellington,SF,WR
J.Lane,TB,FB
D.Martin,TB,RB
B.Rainey,TB,RB
M.Evans,TB,WR
A.Seferian-Jenkins,TB,TE
L.Stocker,TB,TE
C.Owusu,TB,WR
B.Myers,TB,TE
V.Jackson,TB,WR
J.Stewart,CAR,RB
M.Tolbert,CAR,FB
D.Williams,CAR,RB
K.Benjamin,CAR,WR
G.Olsen,CAR,TE
J.Cotchery,CAR,WR
J.Avant,CAR,WR
Philly,CAR,WR
E.Sanders,DEN,WR
M.Ball,DEN,RB
C.Anderson,DEN,RB
V.Green,DEN,TE
A.Caldwell,DEN,WR
J.Thomas,DEN,TE
D.Thomas,DEN,WR
A.Bradshaw,IND,
T.Richardson,IND,RB
D.Allen,IND,TE
C.Fleener,IND,TE
R.Wayne,IND,
T.Hilton,IND,WR
H.Nicks,IND,WR
D.Moncrief,IND,WR
G.Whalen,IND,WR
G.Tate,DET,WR
T.Riddick,DET,RB
R.Bush,DET,RB
J.Bell,DET,RB
J.Fauria,DET,TE
B.Pettigrew,DET,TE
C.Johnson,DET,WR
J.Ross,DET,WR
I.Abdul-Quddus,DET,SS
J.Jernigan,NYG,
R.Jennings,NYG,RB
A.Williams,NYG,RB
D.Fells,NYG,TE
L.Donnell,NYG,TE
V.Cruz,NYG,WR
R.Randle,NYG,WR
P.Parker,NYG,WR
J.Dwyer,ARI,
A.Ellington,ARI,RB
S.Taylor,ARI,RB
M.Floyd,ARI,WR
J.Carlson,ARI,
L.Fitzgerald,ARI,WR
R.Hughes,ARI,RB
Ja. Brown,ARI,WR
Jo. Brown,ARI,WR
R.Housler,ARI,TE
T.Ginn,ARI,WR
D.Brown,SD,RB
D.Woodhead,SD,RB
R.Mathews,SD,RB
E.Royal,SD,WR
K.Allen,SD,WR
M.Floyd,SD,WR
L.Green,SD,TE
A.Gates,SD,TE
M.Goodwin,BUF,WR
C.Gragg,BUF,TE
S.Chandler,BUF,TE
R.Matthews,MIA,WR
O.Darkwa,MIA,RB
B.Bersin,CAR,WR
J.Collins,DET,
E.Ebron,DET,TE
D.Sanzenbacher,CIN,
A.Johnson,NO,FB
K.Stills,NO,WR
J.Hill,NO,TE
R.Meachem,NO,
A.Thielen,MIN,WR
J.Develin,NE,FB
M.Hoomanawanui,NE,TE
A.Dobson,NE,WR
T.Niklas,ARI,TE
J.Battle,TEN,
J.Randle,DAL,RB
G.Escobar,DAL,TE
S.Redd,WAS,RB
A.Robinson,WAS,WR
R.Grant,WAS,WR
D.Johnson,SD,TE
B.Walters,SEA,WR
M.James,TB,RB
R.Herron,TB,WR
K.Britt,STL,WR
A.Pettis,STL,WR
J.Tamme,DEN,TE
J.Hemingway,KC,WR
D.Harris,KC,TE
A.Jenkins,KC,
D.Bowe,KC,WR
D.Adams,GB,WR
J.Boykin,GB,WR
T.Bohanon,NYJ,FB
B.Butler,OAK,WR
A.Holmes,OAK,WR
R.Brown,HOU,
G.Graham,HOU,TE
B.Miller,SF,FB
D.Carrier,SF,TE
V.McDonald,SF,TE
J.Doyle,IND,TE
D.Herron,IND,RB
C.Roby,ATL,
E.Weems,ATL,WR
P.DiMarco,ATL,FB
B.Oliver,SD,RB
R.Hewitt,CIN,TE
C.Peerman,CIN,RB
K.Brock,CIN,
C.Stevens,TEN,TE
L.Taliaferro,BAL,RB
M.Brown,BAL,WR
K.Juszczyk,BAL,FB
C.Fuller,DET,WR
M.Jensen,JAC,TE
W.Ta'ufo'ou,JAC,FB
C.Shorts,JAC,WR
B.LaFell,NE,WR
J.Olawale,OAK,RB
K.Martin,HOU,WR
J.Casey,PHI,TE
C.Polk,PHI,RB
T.Watts,STL,RB
B.Lloyd,SF,
DanielThomas,MIA,
J.McKnight,KC,
P.Richardson,SEA,WR
R.Hillman,DEN,RB
W.Welker,DEN,
Z.Sudfeld,NYJ,TE
P.Hillis,NYG,
A.Robinson,NYG,TE
D.Reaves,CAR,RB
R.Rodgers,GB,TE
J.Prosch,HOU,FB
C.Whitehurst,TEN,QB
C.Ford,MIN,TE
R.Broyles,DET,WR
V.Brown,OAK,WR
D.Ausberry,OAK,
Wi.Johnson,PIT,FB
L.Moore,PIT,WR
R.Shepard,TB,WR
L.Murphy,TB,WR
C.Harbor,JAC,TE
N.Jacobs,JAC,TE
J.White,NE,RB
J.Janis,GB,WR
M.Gray,MIN,TE
J.Banyard,MIN,RB
Charles.Johnson,MIN,WR
E.Dickson,CAR,TE
C.Hogan,BUF,WR
S.Johnson,JAC,RB
A.Sanders,JAC,WR
D.Heyward-Bey,PIT,WR
M.Palmer,PIT,
O.Beckham,NYG,WR
J.Huff,PHI,WR
S.Bailey,STL,WR
C.Coffman,TEN,
J.Thompson,DEN,RB
S.Ajirotutu,SD,WR
D.Thomas,KC,RB
C.Helfet,SEA,TE
C.Fiedorowicz,HOU,TE
B.Tyms,NE,WR
J.Wright,CIN,WR
F.Whittaker,CAR,RB
B.Williams,CAR,TE
Da.Williams,MIA,WR
T.Graham,NYJ,WR
M.Campanaro,BAL,WR
C.Gillmore,BAL,TE
T.Clutts,DAL,FB
M.Cox,NYG,
T.Mason,STL,RB
J.Gray,NE,RB
B.Bostick,GB,TE
K.Dorsey,GB,
G.Little,CIN,
C.Michael,SEA,RB
K.Norwood,SEA,WR
J.Phillips,SD,TE
A.Wilson,KC,WR
M.Bryant,PIT,WR
B.Pascoe,ATL,TE
J.Webb,CAR,
B.Brown,BUF,RB
L.Smith,BUF,TE
E.Lorig,NO,FB
J.Hanna,DAL,TE
R.Burkhead,CIN,RB
M.Grice,ARI,RB
C.Latimer,DEN,WR
M.Spaeth,PIT,
P.Supernaw,BAL,
C.Washington,NYG,WR
C.Sims,TB,RB
K.Barnes,OAK,T
M.Wilson,CHI,WR
T.Moeaki,SEA,TE
W.Tukuafu,SEA,FB
B.Leonard,NO,
J.Morgan,NO,WR
A.Castonzo,IND,T
J.Gordon,CLE,WR
J.Conner,NYJ,RB
J.Cribbs,IND,
B.Schwenke,TEN,C
A.Andrews,TEN,RB
N.Toon,NO,WR
S.Moss,WAS,
K.Ogletree,NYG,
C.Brate,TB,TE
K.Durham,TEN,WR
K.Williams,ARI,RB
D.Penn,OAK,T
G.Celek,SF,TE
D.Fells,ARI,TE
D.Posey,HOU,WR
C.Thompson,WAS,RB
Alf.Smith,SF,
Q.Patton,SF,WR
D.Inman,SD,WR
F.Toussaint,BAL,RB
Z.Tipton,IND,RB
M.Pouncey,PIT,C
T.King,TB,WR
